{"count":1,"self":0.8120175,"total":0.95100049999999992,"children":{"InitializeActuators":{"count":4,"self":0.0020012999999999997,"total":0.0020012999999999997,"children":null},"InitializeSensors":{"count":4,"self":0.0010004999999999999,"total":0.0010004999999999999,"children":null},"AgentSendState":{"count":134,"self":0.0029966999999999997,"total":0.021980799999999998,"children":{"CollectObservations":{"count":536,"self":0.0089936,"total":0.0089936,"children":null},"WriteActionMask":{"count":536,"self":0.0010003,"total":0.0010003,"children":null},"RequestDecision":{"count":536,"self":0.0029993,"total":0.0089902,"children":{"AgentInfo.ToProto":{"count":536,"self":0.0029906999999999998,"total":0.0059908999999999995,"children":{"GenerateSensorData":{"count":536,"self":0.0030001999999999997,"total":0.0030001999999999997,"children":null}}}}}}},"DecideAction":{"count":134,"self":0.1070011,"total":0.1070011,"children":null},"AgentAct":{"count":134,"self":0.0049997999999999996,"total":0.0049997999999999996,"children":null}},"gauges":{},"metadata":{"timer_format_version":"0.1.0","start_time_seconds":"1618837431","unity_version":"2020.2.2f1","command_line_arguments":"C:\\Users\\JGY\\Desktop\\Unity_MARL\\trunk\\envs\/PredatorPrey_Game\/PredatorPrey.exe --mlagents-port 5005","communication_protocol_version":"1.3.0","com.unity.ml-agents_version":"1.7.2-preview","scene_name":"gameScene","end_time_seconds":"1618837432"}}