{"count":1,"self":55.256806399999995,"total":65.786998799999992,"children":{"InitializeActuators":{"count":1,"self":0.0019995,"total":0.0019995,"children":null},"InitializeSensors":{"count":1,"self":0.00099969999999999985,"total":0.00099969999999999985,"children":null},"AgentSendState":{"count":3382,"self":0.026004899999999997,"total":0.24907859999999998,"children":{"CollectObservations":{"count":3382,"self":0.1270655,"total":0.1270655,"children":null},"WriteActionMask":{"count":3382,"self":0.017004099999999998,"total":0.017004099999999998,"children":null},"RequestDecision":{"count":3382,"self":0.0090026999999999989,"total":0.0790041,"children":{"AgentInfo.ToProto":{"count":3382,"self":0.0150009,"total":0.070001399999999991,"children":{"GenerateSensorData":{"count":3382,"self":0.0550005,"total":0.0550005,"children":null}}}}}}},"DecideAction":{"count":3382,"self":10.1541216,"total":10.1541218,"children":null},"AgentAct":{"count":3382,"self":0.12199549999999999,"total":0.12199549999999999,"children":{"AgentInfo.ToProto":{"count":21,"self":0,"total":0,"children":{"GenerateSensorData":{"count":21,"self":0,"total":0,"children":null}}}}}},"gauges":{"My Behavior.CumulativeReward":{"count":21,"max":-1.20999908,"min":-1.60999882,"runningAverage":-1.5766654,"value":-1.60999882,"weightedAverage":-1.59099662}},"metadata":{"timer_format_version":"0.1.0","start_time_seconds":"1618382081","unity_version":"2020.2.2f1","command_line_arguments":"C:\\Users\\JGY\\Desktop\\Unity_MARL\\trunk\\PredatorPrey_Game\/PredatorPrey.exe --mlagents-port 5005","communication_protocol_version":"1.3.0","com.unity.ml-agents_version":"1.7.2-preview","scene_name":"gameScene","end_time_seconds":"1618382147"}}