{"count":1,"self":0.9348287,"total":14.305780599999999,"children":{"InitializeActuators":{"count":1,"self":0.0010012999999999999,"total":0.0010012999999999999,"children":null},"InitializeSensors":{"count":1,"self":0,"total":0,"children":null},"AgentSendState":{"count":18,"self":0.0020001,"total":0.010000499999999999,"children":{"CollectObservations":{"count":18,"self":0.0010015,"total":0.0010015,"children":null},"WriteActionMask":{"count":18,"self":0.00099819999999999987,"total":0.00099819999999999987,"children":null},"RequestDecision":{"count":18,"self":0.0020019,"total":0.0060006999999999994,"children":{"AgentInfo.ToProto":{"count":18,"self":0,"total":0.0039987999999999994,"children":{"GenerateSensorData":{"count":18,"self":0.0039987999999999994,"total":0.0039987999999999994,"children":null}}}}}}},"DecideAction":{"count":18,"self":13.356950399999999,"total":13.3569505,"children":null},"AgentAct":{"count":18,"self":0.0019998999999999998,"total":0.0019998999999999998,"children":null}},"gauges":{},"metadata":{"timer_format_version":"0.1.0","start_time_seconds":"1618364469","unity_version":"2020.2.2f1","command_line_arguments":"C:\\Program Files\\Unity\\Hub\\Editor\\2020.2.2f1\\Editor\\Unity.exe -projectpath C:\/Users\/JGY\/Desktop\/Unity_MARL\/trunk\/Unity_PredatorPrey -useHub -hubIPC -cloudEnvironment production -hubSessionId 69ec0ee0-938a-11eb-b489-4bf5e74e9a13 -accessToken bhmmmnz6zOh6HI__HMpFYXd5_eSq7bkYFnEoMS3kp2g00df","communication_protocol_version":"1.3.0","com.unity.ml-agents_version":"1.7.2-preview","scene_name":"gameScene","end_time_seconds":"1618364483"}}